Unnamed: 0,Overall rank,Country or region,Score,GDP per capita,Social support,Healthy life expectancy,Freedom to make life choices,Generosity,Perceptions of corruption,year
471,1,Norway,7.53700017929077,1.61646318435669,1.53352355957031,0.796666502952576,0.635422587394714,0.36201223731041,0.315963834524155,2017
472,2,Denmark,7.52199983596802,1.48238301277161,1.55112159252167,0.792565524578094,0.626006722450256,0.355280488729477,0.40077006816864,2017
473,3,Iceland,7.50400018692017,1.480633020401,1.6105740070343,0.833552122116089,0.627162635326385,0.475540220737457,0.153526559472084,2017
474,4,Switzerland,7.49399995803833,1.56497955322266,1.51691174507141,0.858131289482117,0.620070576667786,0.290549278259277,0.367007285356522,2017
475,5,Finland,7.4689998626709,1.44357192516327,1.5402467250824,0.80915766954422,0.617950856685638,0.24548277258873,0.38261154294014,2017
476,6,Netherlands,7.3769998550415,1.50394463539124,1.42893922328949,0.810696125030518,0.585384488105774,0.470489829778671,0.282661825418472,2017
477,7,Canada,7.31599998474121,1.47920441627502,1.48134899139404,0.83455765247345,0.611100912094116,0.435539722442627,0.287371516227722,2017
478,8,New Zealand,7.31400012969971,1.40570604801178,1.54819512367249,0.816759705543518,0.614062130451202,0.500005125999451,0.382816702127457,2017
479,10,Sweden,7.28399991989136,1.49438726902008,1.47816216945648,0.830875158309937,0.612924098968506,0.385399252176285,0.384398728609085,2017
480,9,Australia,7.28399991989136,1.484414935112,1.51004195213318,0.84388679265976,0.601607382297516,0.477699249982834,0.301183730363846,2017
481,11,Israel,7.21299982070923,1.37538242340088,1.37628996372223,0.83840399980545,0.405988603830338,0.330082654953003,0.0852421000599861,2017
482,12,Costa Rica,7.0789999961853,1.10970628261566,1.41640365123749,0.759509265422821,0.580131649971008,0.214613229036331,0.100106589496136,2017
483,13,Austria,7.00600004196167,1.48709726333618,1.4599449634552,0.815328419208527,0.567766189575195,0.316472321748734,0.221060365438461,2017
484,14,United States,6.99300003051758,1.54625928401947,1.41992056369781,0.77428662776947,0.505740523338318,0.392578780651093,0.135638788342476,2017
485,15,Ireland,6.97700023651123,1.53570663928986,1.55823111534119,0.80978262424469,0.573110342025757,0.42785832285881,0.29838815331459,2017
486,16,Germany,6.95100021362305,1.48792338371277,1.47252035140991,0.798950731754303,0.562511384487152,0.336269170045853,0.276731938123703,2017
487,17,Belgium,6.89099979400635,1.46378076076508,1.46231269836426,0.818091869354248,0.539770722389221,0.231503337621689,0.251343131065369,2017
488,18,Luxembourg,6.86299991607666,1.74194359779358,1.45758366584778,0.845089495182037,0.59662789106369,0.283180981874466,0.31883442401886,2017
489,19,United Kingdom,6.71400022506714,1.44163393974304,1.49646008014679,0.805335938930511,0.508190035820007,0.492774158716202,0.265428066253662,2017
490,20,Chile,6.65199995040894,1.25278460979462,1.28402495384216,0.819479703903198,0.376895278692245,0.326662421226501,0.0822879821062088,2017
491,21,United Arab Emirates,6.64799976348877,1.62634336948395,1.26641023159027,0.726798236370087,0.60834527015686,0.3609419465065,0.324489563703537,2017
492,22,Brazil,6.63500022888184,1.10735321044922,1.43130600452423,0.616552352905273,0.437453746795654,0.16234989464283,0.111092761158943,2017
493,23,Czech Republic,6.60900020599365,1.35268235206604,1.43388521671295,0.754444003105164,0.490946173667908,0.0881067588925362,0.0368729270994663,2017
494,24,Argentina,6.59899997711182,1.18529546260834,1.44045114517212,0.695137083530426,0.494519203901291,0.109457060694695,0.059739887714386,2017
495,25,Mexico,6.57800006866455,1.15318381786346,1.210862159729,0.709978997707367,0.412730008363724,0.120990432798862,0.132774114608765,2017
496,26,Singapore,6.57200002670288,1.69227766990662,1.35381436347961,0.949492394924164,0.549840569496155,0.345965981483459,0.46430778503418,2017
497,27,Malta,6.52699995040894,1.34327983856201,1.48841166496277,0.821944236755371,0.588767051696777,0.574730575084686,0.153066068887711,2017
498,28,Uruguay,6.4539999961853,1.21755969524384,1.41222786903381,0.719216823577881,0.57939225435257,0.175096929073334,0.178061872720718,2017
499,29,Guatemala,6.4539999961853,0.872001945972443,1.25558519363403,0.540239989757538,0.531310617923737,0.283488392829895,0.0772232785820961,2017
500,30,Panama,6.4520001411438,1.23374843597412,1.37319254875183,0.706156134605408,0.550026834011078,0.21055693924427,0.070983923971653,2017
501,31,France,6.44199991226196,1.43092346191406,1.38777685165405,0.844465851783752,0.470222115516663,0.129762306809425,0.172502428293228,2017
502,32,Thailand,6.42399978637695,1.12786877155304,1.42579245567322,0.647239029407501,0.580200731754303,0.572123110294342,0.0316127352416515,2017
503,33,Taiwan Province of China,6.42199993133545,1.43362653255463,1.38456535339355,0.793984234333038,0.361466586589813,0.258360475301743,0.0638292357325554,2017
504,34,Spain,6.40299987792969,1.38439786434174,1.53209090232849,0.888960599899292,0.408781230449677,0.190133571624756,0.0709140971302986,2017
505,35,Qatar,6.375,1.87076568603516,1.27429687976837,0.710098087787628,0.604130983352661,0.330473870038986,0.439299255609512,2017
506,36,Colombia,6.35699987411499,1.07062232494354,1.4021829366684,0.595027923583984,0.477487415075302,0.149014472961426,0.0466687418520451,2017
507,37,Saudi Arabia,6.3439998626709,1.53062355518341,1.28667759895325,0.590148329734802,0.449750572443008,0.147616013884544,0.27343225479126,2017
508,38,Trinidad and Tobago,6.16800022125244,1.36135590076447,1.3802285194397,0.519983291625977,0.518630743026733,0.325296461582184,0.0089648161083459,2017
509,39,Kuwait,6.10500001907349,1.63295245170593,1.25969874858856,0.632105708122253,0.496337592601776,0.228289797902107,0.215159550309181,2017
510,40,Slovakia,6.09800004959106,1.32539355754852,1.50505924224854,0.712732911109924,0.295817464590073,0.136544480919838,0.0242108516395092,2017
511,41,Bahrain,6.08699989318848,1.48841226100922,1.32311046123505,0.653133034706116,0.536746919155121,0.172668486833572,0.257042169570923,2017
512,42,Malaysia,6.08400011062622,1.29121541976929,1.28464603424072,0.618784427642822,0.402264982461929,0.416608929634094,0.0656007081270218,2017
513,43,Nicaragua,6.07100009918213,0.737299203872681,1.28721570968628,0.653095960617065,0.447551846504211,0.301674216985703,0.130687981843948,2017
514,44,Ecuador,6.00799989700317,1.00082039833069,1.28616881370544,0.685636222362518,0.4551981985569,0.150112465023994,0.140134647488594,2017
515,45,El Salvador,6.00299978256226,0.909784495830536,1.18212509155273,0.596018552780151,0.432452529668808,0.0782579854130745,0.0899809598922729,2017
516,46,Poland,5.97300004959106,1.29178786277771,1.44571197032928,0.699475347995758,0.520342111587524,0.158465966582298,0.0593078061938286,2017
517,47,Uzbekistan,5.97100019454956,0.786441087722778,1.54896914958954,0.498272627592087,0.658248662948608,0.415983647108078,0.246528223156929,2017
518,48,Italy,5.96400022506714,1.39506661891937,1.44492328166962,0.853144347667694,0.256450712680817,0.17278964817524,0.0280280914157629,2017
519,49,Russia,5.96299982070923,1.28177809715271,1.46928238868713,0.547349333763123,0.373783111572266,0.0522638224065304,0.0329628810286522,2017
520,50,Belize,5.95599985122681,0.907975316047668,1.08141779899597,0.450191766023636,0.547509372234344,0.240015640854836,0.0965810716152191,2017
521,51,Japan,5.92000007629395,1.41691517829895,1.43633782863617,0.913475871086121,0.505625545978546,0.12057276815176,0.163760736584663,2017
522,52,Lithuania,5.90199995040894,1.31458234786987,1.47351610660553,0.62894994020462,0.234231784939766,0.010164656676352,0.0118656428530812,2017
523,53,Algeria,5.87200021743774,1.09186446666718,1.1462174654007,0.617584645748138,0.233335807919502,0.0694366469979286,0.146096110343933,2017
524,54,Latvia,5.84999990463257,1.26074862480164,1.40471494197845,0.638566970825195,0.325707912445068,0.153074786067009,0.0738427266478539,2017
525,55,South Korea,5.83799982070923,1.40167844295502,1.12827444076538,0.900214076042175,0.257921665906906,0.206674367189407,0.0632826685905457,2017
526,56,Moldova,5.83799982070923,0.728870630264282,1.25182557106018,0.589465200901031,0.240729048848152,0.208779126405716,0.0100912861526012,2017
527,57,Romania,5.82499980926514,1.21768391132355,1.15009129047394,0.685158312320709,0.457003742456436,0.133519917726517,0.00438790069893,2017
528,58,Bolivia,5.82299995422363,0.833756566047668,1.22761905193329,0.473630249500275,0.558732926845551,0.22556072473526,0.0604777261614799,2017
529,59,Turkmenistan,5.82200002670288,1.13077676296234,1.49314916133881,0.437726080417633,0.41827192902565,0.24992498755455,0.259270340204239,2017
530,60,Kazakhstan,5.81899976730347,1.28455626964569,1.38436901569366,0.606041550636292,0.437454283237457,0.201964423060417,0.119282886385918,2017
531,61,North Cyprus,5.80999994277954,1.3469113111496,1.18630337715149,0.834647238254547,0.471203625202179,0.266845703125,0.155353352427483,2017
532,62,Slovenia,5.75799989700317,1.3412059545517,1.45251882076263,0.790828227996826,0.572575807571411,0.242649093270302,0.0451289787888527,2017
533,63,Peru,5.71500015258789,1.03522527217865,1.21877038478851,0.630166113376617,0.450002878904343,0.126819714903831,0.0470490865409374,2017
534,64,Mauritius,5.62900018692017,1.18939554691315,1.20956099033356,0.638007462024689,0.491247326135635,0.360933750867844,0.0421815551817417,2017
535,65,Cyprus,5.62099981307983,1.35593807697296,1.13136327266693,0.84471470117569,0.355111539363861,0.271254301071167,0.0412379764020443,2017
536,66,Estonia,5.61100006103516,1.32087934017181,1.47667109966278,0.695168316364288,0.479131430387497,0.0988908112049103,0.183248922228813,2017
537,67,Belarus,5.56899976730347,1.15655755996704,1.44494521617889,0.637714266777039,0.295400261878967,0.15513750910759,0.156313821673393,2017
538,68,Libya,5.52500009536743,1.10180306434631,1.35756433010101,0.520169019699097,0.465733230113983,0.152073666453362,0.0926102101802826,2017
539,69,Turkey,5.5,1.19827437400818,1.33775317668915,0.637605607509613,0.300740599632263,0.0466930419206619,0.0996715798974037,2017
540,70,Paraguay,5.49300003051758,0.932537317276001,1.50728487968445,0.579250693321228,0.473507791757584,0.224150657653809,0.091065913438797,2017
541,71,"Hong Kong S.A.R., China",5.47200012207031,1.55167484283447,1.26279091835022,0.943062424659729,0.490968644618988,0.374465793371201,0.293933749198914,2017
542,72,Philippines,5.42999982833862,0.85769921541214,1.25391757488251,0.468009054660797,0.585214674472809,0.193513423204422,0.0993318930268288,2017
543,73,Serbia,5.39499998092651,1.06931757926941,1.25818979740143,0.65078467130661,0.208715528249741,0.220125883817673,0.0409037806093693,2017
544,74,Jordan,5.33599996566772,0.991012394428253,1.23908889293671,0.604590058326721,0.418421149253845,0.172170460224152,0.11980327218771,2017
545,75,Hungary,5.32399988174438,1.2860119342804,1.34313309192657,0.687763452529907,0.175863519310951,0.0784016624093056,0.0366369374096394,2017
546,76,Jamaica,5.31099987030029,0.925579309463501,1.36821806430817,0.641022384166718,0.474307239055634,0.233818337321281,0.0552677810192108,2017
547,77,Croatia,5.29300022125244,1.22255623340607,0.96798300743103,0.701288521289825,0.255772292613983,0.248002976179123,0.0431031100451946,2017
548,78,Kosovo,5.27899980545044,0.951484382152557,1.13785350322723,0.541452050209045,0.260287940502167,0.319931447505951,0.0574716180562973,2017
549,79,China,5.27299976348877,1.08116579055786,1.16083741188049,0.741415500640869,0.472787708044052,0.0288068410009146,0.0227942746132612,2017
550,80,Pakistan,5.26900005340576,0.72688353061676,0.672690689563751,0.402047783136368,0.23521526157856,0.315446019172668,0.124348066747189,2017
551,81,Indonesia,5.26200008392334,0.995538592338562,1.27444469928741,0.492345720529556,0.443323463201523,0.611704587936401,0.0153171354904771,2017
552,82,Venezuela,5.25,1.12843120098114,1.43133759498596,0.617144227027893,0.153997123241425,0.0650196298956871,0.0644911229610443,2017
553,83,Montenegro,5.23699998855591,1.12112903594971,1.23837649822235,0.667464673519135,0.194989055395126,0.197911024093628,0.0881741940975189,2017
554,84,Morocco,5.2350001335144,0.878114581108093,0.774864435195923,0.59771066904068,0.408158332109451,0.0322099551558495,0.0877631828188896,2017
555,85,Azerbaijan,5.23400020599365,1.15360176563263,1.15240025520325,0.540775775909424,0.398155838251114,0.0452693402767181,0.180987507104874,2017
556,86,Dominican Republic,5.23000001907349,1.07937383651733,1.40241670608521,0.574873745441437,0.55258983373642,0.186967849731445,0.113945253193378,2017
557,87,Greece,5.22700023651123,1.28948748111725,1.23941457271576,0.810198903083801,0.0957312509417534,0.0,0.04328977689147,2017
558,88,Lebanon,5.22499990463257,1.07498753070831,1.12962424755096,0.735081076622009,0.288515985012054,0.264450758695602,0.037513829767704,2017
559,89,Portugal,5.19500017166138,1.3151752948761,1.36704301834106,0.795843541622162,0.498465299606323,0.0951027125120163,0.0158694516867399,2017
560,90,Bosnia and Herzegovina,5.18200016021729,0.982409417629242,1.0693359375,0.705186307430267,0.204403176903725,0.328867495059967,0.0,2017
561,91,Honduras,5.18100023269653,0.730573117733002,1.14394497871399,0.582569479942322,0.348079860210419,0.236188873648643,0.0733454525470734,2017
562,92,Macedonia,5.17500019073486,1.06457793712616,1.20789301395416,0.644948184490204,0.325905978679657,0.25376096367836,0.0602777935564518,2017
563,93,Somalia,5.15100002288818,0.0226431842893362,0.721151351928711,0.113989137113094,0.602126955986023,0.291631311178207,0.282410323619843,2017
564,94,Vietnam,5.07399988174438,0.788547575473785,1.27749133110046,0.652168989181519,0.571055591106415,0.234968051314354,0.0876332372426987,2017
565,95,Nigeria,5.07399988174438,0.783756256103516,1.21577048301697,0.0569157302379608,0.394952565431595,0.230947196483612,0.0261215660721064,2017
566,96,Tajikistan,5.04099988937378,0.524713635444641,1.27146327495575,0.529235124588013,0.471566706895828,0.248997643589973,0.146377146244049,2017
567,97,Bhutan,5.01100015640259,0.885416388511658,1.34012651443481,0.495879292488098,0.501537680625916,0.474054545164108,0.173380389809608,2017
568,98,Kyrgyzstan,5.00400018692017,0.596220076084137,1.39423859119415,0.553457796573639,0.454943388700485,0.42858037352562,0.0394391790032387,2017
569,99,Nepal,4.96199989318848,0.479820191860199,1.17928326129913,0.504130780696869,0.440305948257446,0.394096165895462,0.0729755461215973,2017
570,100,Mongolia,4.95499992370605,1.02723586559296,1.4930112361908,0.557783484458923,0.394143968820572,0.338464230298996,0.0329022891819477,2017
571,101,South Africa,4.8289999961853,1.05469870567322,1.38478863239288,0.187080070376396,0.479246735572815,0.139362379908562,0.0725094974040985,2017
572,102,Tunisia,4.80499982833862,1.00726580619812,0.868351459503174,0.613212049007416,0.289680689573288,0.0496933571994305,0.0867231488227844,2017
573,103,Palestinian Territories,4.77500009536743,0.716249227523804,1.15564715862274,0.565666973590851,0.25471106171608,0.114173173904419,0.0892826020717621,2017
574,104,Egypt,4.7350001335144,0.989701807498932,0.997471392154694,0.520187258720398,0.282110154628754,0.128631442785263,0.114381365478039,2017
575,105,Bulgaria,4.71400022506714,1.1614590883255,1.43437945842743,0.708217680454254,0.289231717586517,0.113177694380283,0.0110515309497714,2017
576,106,Sierra Leone,4.70900011062622,0.36842092871666,0.984136044979095,0.0055647538974881,0.318697690963745,0.293040901422501,0.0710951760411263,2017
577,107,Cameroon,4.69500017166138,0.564305365085602,0.946018218994141,0.132892116904259,0.430388748645782,0.236298456788063,0.0513066314160824,2017
578,108,Iran,4.69199991226196,1.15687310695648,0.711551249027252,0.639333188533783,0.249322608113289,0.387242913246155,0.048761073499918,2017
579,109,Albania,4.64400005340576,0.996192753314972,0.803685247898102,0.731159746646881,0.381498634815216,0.201312944293022,0.0398642159998417,2017
580,110,Bangladesh,4.60799980163574,0.586682975292206,0.735131740570068,0.533241033554077,0.478356659412384,0.172255352139473,0.123717859387398,2017
581,111,Namibia,4.57399988174438,0.964434325695038,1.0984708070755,0.33861181139946,0.520303547382355,0.0771337449550629,0.0931469723582268,2017
582,112,Kenya,4.55299997329712,0.560479462146759,1.06795072555542,0.309988349676132,0.452763766050339,0.444860309362411,0.0646413192152977,2017
583,113,Mozambique,4.55000019073486,0.234305649995804,0.870701014995575,0.106654435396194,0.480791091918945,0.322228103876114,0.179436385631561,2017
584,114,Myanmar,4.54500007629395,0.367110550403595,1.12323594093323,0.397522568702698,0.514492034912109,0.838075160980225,0.188816204667091,2017
585,115,Senegal,4.53499984741211,0.479309022426605,1.17969191074371,0.409362852573395,0.377922266721725,0.183468893170357,0.115460447967052,2017
586,116,Zambia,4.51399993896484,0.636406779289246,1.00318729877472,0.257835894823074,0.461603492498398,0.249580144882202,0.0782135501503944,2017
587,117,Iraq,4.49700021743774,1.10271048545837,0.978613197803497,0.501180469989777,0.288555532693863,0.19963726401329,0.107215754687786,2017
588,118,Gabon,4.46500015258789,1.1982102394104,1.1556202173233,0.356578588485718,0.312328577041626,0.0437853783369064,0.0760467872023582,2017
589,119,Ethiopia,4.46000003814697,0.339233845472336,0.86466920375824,0.353409707546234,0.408842742443085,0.312650740146637,0.165455713868141,2017
590,120,Sri Lanka,4.44000005722046,1.00985014438629,1.25997638702393,0.625130832195282,0.561213254928589,0.490863561630249,0.0736539661884308,2017
591,121,Armenia,4.37599992752075,0.900596737861633,1.00748372077942,0.637524425983429,0.198303267359734,0.0834880918264389,0.0266744215041399,2017
592,122,India,4.31500005722046,0.792221248149872,0.754372596740723,0.455427616834641,0.469987004995346,0.231538489460945,0.0922268852591515,2017
593,123,Mauritania,4.29199981689453,0.648457288742065,1.2720308303833,0.285349279642105,0.0960980430245399,0.201870024204254,0.136957004666328,2017
594,124,Congo (Brazzaville),4.29099988937378,0.808964252471924,0.832044363021851,0.28995743393898,0.435025870800018,0.120852127671242,0.0796181336045265,2017
595,125,Georgia,4.28599977493286,0.950612664222717,0.57061493396759,0.649546980857849,0.309410035610199,0.0540088154375553,0.251666635274887,2017
596,126,Congo (Kinshasa),4.28000020980835,0.0921023488044739,1.22902345657349,0.191407024860382,0.235961347818375,0.246455833315849,0.0602413564920425,2017
597,127,Mali,4.19000005722046,0.476180493831635,1.28147339820862,0.169365674257278,0.306613743305206,0.183354198932648,0.104970246553421,2017
598,128,Ivory Coast,4.17999982833862,0.603048920631409,0.904780030250549,0.0486421696841717,0.447706192731857,0.201237469911575,0.130061775445938,2017
599,129,Cambodia,4.16800022125244,0.601765096187592,1.00623834133148,0.429783403873444,0.633375823497772,0.385922968387604,0.0681059509515762,2017
600,130,Sudan,4.13899993896484,0.65951669216156,1.21400856971741,0.290920823812485,0.0149958552792668,0.182317450642586,0.089847519993782,2017
601,131,Ghana,4.11999988555908,0.667224824428558,0.873664736747742,0.295637726783752,0.423026293516159,0.256923943758011,0.0253363698720932,2017
602,132,Ukraine,4.09600019454956,0.89465194940567,1.39453756809235,0.575903952121735,0.122974775731564,0.270061463117599,0.0230294708162546,2017
603,133,Uganda,4.08099985122681,0.381430715322495,1.12982773780823,0.217632606625557,0.443185955286026,0.325766056776047,0.057069718837738,2017
604,134,Burkina Faso,4.03200006484985,0.3502277135849,1.04328000545502,0.215844258666039,0.324367851018906,0.250864684581757,0.120328105986118,2017
605,135,Niger,4.02799987792969,0.161925330758095,0.993025004863739,0.26850500702858,0.36365869641304,0.228673845529556,0.138572946190834,2017
606,136,Malawi,3.97000002861023,0.233442038297653,0.512568831443787,0.315089583396912,0.466914653778076,0.287170469760895,0.0727116540074348,2017
607,137,Chad,3.93600010871887,0.438012987375259,0.953855872154236,0.0411347150802612,0.16234202682972,0.216113850474358,0.0535818822681904,2017
608,138,Zimbabwe,3.875,0.375846534967422,1.08309590816498,0.196763753890991,0.336384207010269,0.189143493771553,0.0953753814101219,2017
609,139,Lesotho,3.80800008773804,0.521021246910095,1.19009518623352,0.0,0.390661299228668,0.157497271895409,0.119094640016556,2017
610,140,Angola,3.79500007629395,0.858428180217743,1.10441195964813,0.0498686656355858,0.0,0.097926490008831,0.0697203353047371,2017
611,141,Afghanistan,3.79399991035461,0.401477217674255,0.581543326377869,0.180746778845787,0.106179520487785,0.311870932579041,0.0611578300595284,2017
612,142,Botswana,3.76600003242493,1.12209415435791,1.22155499458313,0.341755509376526,0.505196332931519,0.0993484482169151,0.0985831990838051,2017
613,143,Benin,3.65700006484985,0.431085407733917,0.435299843549728,0.209930211305618,0.425962775945663,0.207948461174965,0.0609290152788162,2017
614,144,Madagascar,3.64400005340576,0.305808693170547,0.913020372390747,0.375223308801651,0.189196765422821,0.208732530474663,0.0672319754958153,2017
615,145,Haiti,3.6029999256134,0.368610262870789,0.640449821949005,0.277321130037308,0.0303698573261499,0.489203780889511,0.0998721495270729,2017
616,146,Yemen,3.59299993515015,0.591683447360992,0.93538224697113,0.310080915689468,0.249463722109795,0.104125209152699,0.0567674227058887,2017
617,147,South Sudan,3.59100008010864,0.39724862575531,0.601323127746582,0.163486003875732,0.147062435746193,0.285670816898346,0.116793513298035,2017
618,148,Liberia,3.53299999237061,0.119041793048382,0.872117936611176,0.229918196797371,0.332881182432175,0.26654988527298,0.0389482490718365,2017
619,149,Guinea,3.50699996948242,0.244549930095673,0.791244685649872,0.194129139184952,0.348587512969971,0.264815092086792,0.110937617719173,2017
620,150,Togo,3.49499988555908,0.305444717407227,0.431882530450821,0.247105568647385,0.38042613863945,0.196896150708199,0.0956650152802467,2017
621,151,Rwanda,3.47099995613098,0.368745893239975,0.945707023143768,0.326424807310104,0.581843852996826,0.252756029367447,0.455220013856888,2017
622,152,Syria,3.46199989318848,0.777153134346008,0.396102607250214,0.50053334236145,0.0815394446253777,0.493663728237152,0.151347130537033,2017
623,153,Tanzania,3.34899997711182,0.511135876178741,1.04198980331421,0.364509284496307,0.390017777681351,0.354256361722946,0.0660351067781448,2017
624,154,Burundi,2.90499997138977,0.091622568666935,0.629793584346771,0.151610791683197,0.0599007532000542,0.204435184597969,0.0841479450464249,2017
625,155,Central African Republic,2.69300007820129,0.0,0.0,0.0187726859003305,0.270842045545578,0.280876487493515,0.0565650761127472,2017
626,1,Finland,7.632,1.305,1.592,0.874,0.681,0.202,0.393,2018
627,2,Norway,7.594,1.456,1.582,0.861,0.686,0.286,0.34,2018
628,3,Denmark,7.555,1.351,1.59,0.868,0.683,0.284,0.408,2018
629,4,Iceland,7.495,1.343,1.644,0.914,0.677,0.353,0.138,2018
630,5,Switzerland,7.487,1.42,1.549,0.927,0.66,0.256,0.357,2018
631,6,Netherlands,7.441,1.361,1.488,0.878,0.638,0.333,0.295,2018
632,7,Canada,7.328,1.33,1.532,0.896,0.653,0.321,0.291,2018
633,8,New Zealand,7.324,1.268,1.601,0.876,0.669,0.365,0.389,2018
634,9,Sweden,7.314,1.355,1.501,0.913,0.659,0.285,0.383,2018
635,10,Australia,7.272,1.34,1.573,0.91,0.647,0.361,0.302,2018
636,11,United Kingdom,7.19,1.244,1.433,0.888,0.464,0.262,0.082,2018
637,12,Austria,7.139,1.341,1.504,0.891,0.617,0.242,0.224,2018
638,13,Costa Rica,7.072,1.01,1.459,0.817,0.632,0.143,0.101,2018
639,14,Ireland,6.977,1.448,1.583,0.876,0.614,0.307,0.306,2018
640,15,Germany,6.965,1.34,1.474,0.861,0.586,0.273,0.28,2018
641,16,Belgium,6.927,1.324,1.483,0.894,0.583,0.188,0.24,2018
642,17,Luxembourg,6.91,1.576,1.52,0.896,0.632,0.196,0.321,2018
643,18,United States,6.886,1.398,1.471,0.819,0.547,0.291,0.133,2018
644,19,Israel,6.814,1.301,1.559,0.883,0.533,0.354,0.272,2018
645,20,United Arab Emirates,6.774,2.096,0.776,0.67,0.284,0.186,,2018
646,21,Czech Republic,6.711,1.233,1.489,0.854,0.543,0.064,0.034,2018
647,22,Malta,6.627,1.27,1.525,0.884,0.645,0.376,0.142,2018
648,23,France,6.489,1.293,1.466,0.908,0.52,0.098,0.176,2018
649,24,Mexico,6.488,1.038,1.252,0.761,0.479,0.069,0.095,2018
650,25,Chile,6.476,1.131,1.331,0.808,0.431,0.197,0.061,2018
651,26,Taiwan,6.441,1.365,1.436,0.857,0.418,0.151,0.078,2018
652,27,Panama,6.43,1.112,1.438,0.759,0.597,0.125,0.063,2018
653,28,Brazil,6.419,0.986,1.474,0.675,0.493,0.11,0.088,2018
654,29,Argentina,6.388,1.073,1.468,0.744,0.57,0.062,0.054,2018
655,30,Guatemala,6.382,0.781,1.268,0.608,0.604,0.179,0.071,2018
656,31,Uruguay,6.379,1.093,1.459,0.771,0.625,0.13,0.155,2018
657,32,Qatar,6.374,1.649,1.303,0.748,0.654,0.256,0.171,2018
658,33,Saudi Arabia,6.371,1.379,1.331,0.633,0.509,0.098,0.127,2018
659,34,Singapore,6.343,1.529,1.451,1.008,0.631,0.261,0.457,2018
660,35,Malaysia,6.322,1.161,1.258,0.669,0.356,0.311,0.059,2018
661,36,Spain,6.31,1.251,1.538,0.965,0.449,0.142,0.074,2018
662,37,Colombia,6.26,0.96,1.439,0.635,0.531,0.099,0.039,2018
663,38,Trinidad & Tobago,6.192,1.223,1.492,0.564,0.575,0.171,0.019,2018
664,39,Slovakia,6.173,1.21,1.537,0.776,0.354,0.118,0.014,2018
665,40,El Salvador,6.167,0.806,1.231,0.639,0.461,0.065,0.082,2018
666,41,Nicaragua,6.141,0.668,1.319,0.7,0.527,0.208,0.128,2018
667,42,Poland,6.123,1.176,1.448,0.781,0.546,0.108,0.064,2018
668,43,Bahrain,6.105,1.338,1.366,0.698,0.594,0.243,0.123,2018
669,44,Uzbekistan,6.096,0.719,1.584,0.605,0.724,0.328,0.259,2018
670,45,Kuwait,6.083,1.474,1.301,0.675,0.554,0.167,0.106,2018
671,46,Thailand,6.072,1.016,1.417,0.707,0.637,0.364,0.029,2018
672,47,Italy,6.0,1.264,1.501,0.946,0.281,0.137,0.028,2018
673,48,Ecuador,5.973,0.889,1.33,0.736,0.556,0.114,0.12,2018
674,49,Belize,5.956,0.807,1.101,0.474,0.593,0.183,0.089,2018
675,50,Lithuania,5.952,1.197,1.527,0.716,0.35,0.026,0.006,2018
676,51,Slovenia,5.948,1.219,1.506,0.856,0.633,0.16,0.051,2018
677,52,Romania,5.945,1.116,1.219,0.726,0.528,0.088,0.001,2018
678,53,Latvia,5.933,1.148,1.454,0.671,0.363,0.092,0.066,2018
679,54,Japan,5.915,1.294,1.462,0.988,0.553,0.079,0.15,2018
680,55,Mauritius,5.891,1.09,1.387,0.684,0.584,0.245,0.05,2018
681,56,Jamaica,5.89,0.819,1.493,0.693,0.575,0.096,0.031,2018
682,57,South Korea,5.875,1.266,1.204,0.955,0.244,0.175,0.051,2018
683,58,Northern Cyprus,5.835,1.229,1.211,0.909,0.495,0.179,0.154,2018
684,59,Russia,5.81,1.151,1.479,0.599,0.399,0.065,0.025,2018
685,60,Kazakhstan,5.79,1.143,1.516,0.631,0.454,0.148,0.121,2018
686,61,Cyprus,5.762,1.229,1.191,0.909,0.423,0.202,0.035,2018
687,62,Bolivia,5.752,0.751,1.223,0.508,0.606,0.141,0.054,2018
688,63,Estonia,5.739,1.2,1.532,0.737,0.553,0.086,0.174,2018
689,64,Paraguay,5.681,0.835,1.522,0.615,0.541,0.162,0.074,2018
690,65,Peru,5.663,0.934,1.249,0.674,0.53,0.092,0.034,2018
691,66,Kosovo,5.662,0.855,1.23,0.578,0.448,0.274,0.023,2018
692,67,Moldova,5.64,0.657,1.301,0.62,0.232,0.171,0.0,2018
693,68,Turkmenistan,5.636,1.016,1.533,0.517,0.417,0.199,0.037,2018
694,69,Hungary,5.62,1.171,1.401,0.732,0.259,0.061,0.022,2018
695,70,Libya,5.566,0.985,1.35,0.553,0.496,0.116,0.148,2018
696,71,Philippines,5.524,0.775,1.312,0.513,0.643,0.12,0.105,2018
697,72,Honduras,5.504,0.62,1.205,0.622,0.459,0.197,0.074,2018
698,73,Belarus,5.483,1.039,1.498,0.7,0.307,0.101,0.154,2018
699,74,Turkey,5.483,1.148,1.38,0.686,0.324,0.106,0.109,2018
700,75,Pakistan,5.472,0.652,0.81,0.424,0.334,0.216,0.113,2018
701,76,Hong Kong,5.43,1.405,1.29,1.03,0.524,0.246,0.291,2018
702,77,Portugal,5.41,1.188,1.429,0.884,0.562,0.055,0.017,2018
703,78,Serbia,5.398,0.975,1.369,0.685,0.288,0.134,0.043,2018
704,79,Greece,5.358,1.154,1.202,0.879,0.131,0.0,0.044,2018
705,80,Lebanon,5.358,0.965,1.179,0.785,0.503,0.214,0.136,2018
706,81,Montenegro,5.347,1.017,1.279,0.729,0.259,0.111,0.081,2018
707,82,Croatia,5.321,1.115,1.161,0.737,0.38,0.12,0.039,2018
708,83,Dominican Republic,5.302,0.982,1.441,0.614,0.578,0.12,0.106,2018
709,84,Algeria,5.295,0.979,1.154,0.687,0.077,0.055,0.135,2018
710,85,Morocco,5.254,0.779,0.797,0.669,0.46,0.026,0.074,2018
711,86,China,5.246,0.989,1.142,0.799,0.597,0.029,0.103,2018
712,87,Azerbaijan,5.201,1.024,1.161,0.603,0.43,0.031,0.176,2018
713,88,Tajikistan,5.199,0.474,1.166,0.598,0.292,0.187,0.034,2018
714,89,Macedonia,5.185,0.959,1.239,0.691,0.394,0.173,0.052,2018
715,90,Jordan,5.161,0.822,1.265,0.645,0.468,0.13,0.134,2018
716,91,Nigeria,5.155,0.689,1.172,0.048,0.462,0.201,0.032,2018
717,92,Kyrgyzstan,5.131,0.53,1.416,0.594,0.54,0.281,0.035,2018
718,93,Bosnia and Herzegovina,5.129,0.915,1.078,0.758,0.28,0.216,0.0,2018
719,94,Mongolia,5.125,0.914,1.517,0.575,0.395,0.253,0.032,2018
720,95,Vietnam,5.103,0.715,1.365,0.702,0.618,0.177,0.079,2018
721,96,Indonesia,5.093,0.899,1.215,0.522,0.538,0.484,0.018,2018
722,97,Bhutan,5.082,0.796,1.335,0.527,0.541,0.364,0.171,2018
723,98,Somalia,4.982,0.0,0.712,0.115,0.674,0.238,0.282,2018
724,99,Cameroon,4.975,0.535,0.891,0.182,0.454,0.183,0.043,2018
725,100,Bulgaria,4.933,1.054,1.515,0.712,0.359,0.064,0.009,2018
726,101,Nepal,4.88,0.425,1.228,0.539,0.526,0.302,0.078,2018
727,102,Venezuela,4.806,0.996,1.469,0.657,0.133,0.056,0.052,2018
728,103,Gabon,4.758,1.036,1.164,0.404,0.356,0.032,0.052,2018
729,104,Palestinian Territories,4.743,0.642,1.217,0.602,0.266,0.086,0.076,2018
730,105,South Africa,4.724,0.94,1.41,0.33,0.516,0.103,0.056,2018
731,106,Iran,4.707,1.059,0.771,0.691,0.459,0.282,0.129,2018
732,107,Ivory Coast,4.671,0.541,0.872,0.08,0.467,0.146,0.103,2018
733,108,Ghana,4.657,0.592,0.896,0.337,0.499,0.212,0.029,2018
734,109,Senegal,4.631,0.429,1.117,0.433,0.406,0.138,0.082,2018
735,110,Laos,4.623,0.72,1.034,0.441,0.626,0.23,0.174,2018
736,111,Tunisia,4.592,0.9,0.906,0.69,0.271,0.04,0.063,2018
737,112,Albania,4.586,0.916,0.817,0.79,0.419,0.149,0.032,2018
738,113,Sierra Leone,4.571,0.256,0.813,0.0,0.355,0.238,0.053,2018
739,114,Congo (Brazzaville),4.559,0.682,0.811,0.343,0.514,0.091,0.077,2018
740,115,Bangladesh,4.5,0.532,0.85,0.579,0.58,0.153,0.144,2018
741,116,Sri Lanka,4.471,0.918,1.314,0.672,0.585,0.307,0.05,2018
742,117,Iraq,4.456,1.01,0.971,0.536,0.304,0.148,0.095,2018
743,118,Mali,4.447,0.37,1.233,0.152,0.367,0.139,0.056,2018
744,119,Namibia,4.441,0.874,1.281,0.365,0.519,0.051,0.064,2018
745,120,Cambodia,4.433,0.549,1.088,0.457,0.696,0.256,0.065,2018
746,121,Burkina Faso,4.424,0.314,1.097,0.254,0.312,0.175,0.128,2018
747,122,Egypt,4.419,0.885,1.025,0.553,0.312,0.092,0.107,2018
748,123,Mozambique,4.417,0.198,0.902,0.173,0.531,0.206,0.158,2018
749,124,Kenya,4.41,0.493,1.048,0.454,0.504,0.352,0.055,2018
750,125,Zambia,4.377,0.562,1.047,0.295,0.503,0.221,0.082,2018
751,126,Mauritania,4.356,0.557,1.245,0.292,0.129,0.134,0.093,2018
752,127,Ethiopia,4.35,0.308,0.95,0.391,0.452,0.22,0.146,2018
753,128,Georgia,4.34,0.853,0.592,0.643,0.375,0.038,0.215,2018
754,129,Armenia,4.321,0.816,0.99,0.666,0.26,0.077,0.028,2018
755,130,Myanmar,4.308,0.682,1.174,0.429,0.58,0.598,0.178,2018
756,131,Chad,4.301,0.358,0.907,0.053,0.189,0.181,0.06,2018
757,132,Congo (Kinshasa),4.245,0.069,1.136,0.204,0.312,0.197,0.052,2018
758,133,India,4.19,0.721,0.747,0.485,0.539,0.172,0.093,2018
759,134,Niger,4.166,0.131,0.867,0.221,0.39,0.175,0.099,2018
760,135,Uganda,4.161,0.322,1.09,0.237,0.45,0.259,0.061,2018
761,136,Benin,4.141,0.378,0.372,0.24,0.44,0.163,0.067,2018
762,137,Sudan,4.139,0.605,1.24,0.312,0.016,0.134,0.082,2018
763,138,Ukraine,4.103,0.793,1.413,0.609,0.163,0.187,0.011,2018
764,139,Togo,3.999,0.259,0.474,0.253,0.434,0.158,0.101,2018
765,140,Guinea,3.964,0.344,0.792,0.211,0.394,0.185,0.094,2018
766,141,Lesotho,3.808,0.472,1.215,0.079,0.423,0.116,0.112,2018
767,142,Angola,3.795,0.73,1.125,0.269,0.0,0.079,0.061,2018
768,143,Madagascar,3.774,0.262,0.908,0.402,0.221,0.155,0.049,2018
769,144,Zimbabwe,3.692,0.357,1.094,0.248,0.406,0.132,0.099,2018
770,145,Afghanistan,3.632,0.332,0.537,0.255,0.085,0.191,0.036,2018
771,146,Botswana,3.59,1.017,1.174,0.417,0.557,0.042,0.092,2018
772,147,Malawi,3.587,0.186,0.541,0.306,0.531,0.21,0.08,2018
773,148,Haiti,3.582,0.315,0.714,0.289,0.025,0.392,0.104,2018
774,149,Liberia,3.495,0.076,0.858,0.267,0.419,0.206,0.03,2018
775,150,Syria,3.462,0.689,0.382,0.539,0.088,0.376,0.144,2018
776,151,Rwanda,3.408,0.332,0.896,0.4,0.636,0.2,0.444,2018
777,152,Yemen,3.355,0.442,1.073,0.343,0.244,0.083,0.064,2018
778,153,Tanzania,3.303,0.455,0.991,0.381,0.481,0.27,0.097,2018
779,154,South Sudan,3.254,0.337,0.608,0.177,0.112,0.224,0.106,2018
780,155,Central African Republic,3.083,0.024,0.0,0.01,0.305,0.218,0.038,2018
781,156,Burundi,2.905,0.091,0.627,0.145,0.065,0.149,0.076,2018
782,1,Finland,7.769,1.34,1.587,0.986,0.596,0.153,0.393,2019
783,2,Denmark,7.6,1.383,1.573,0.996,0.592,0.252,0.41,2019
784,3,Norway,7.554,1.488,1.582,1.028,0.603,0.271,0.341,2019
785,4,Iceland,7.494,1.38,1.624,1.026,0.591,0.354,0.118,2019
786,5,Netherlands,7.488,1.396,1.522,0.999,0.557,0.322,0.298,2019
787,6,Switzerland,7.48,1.452,1.526,1.052,0.572,0.263,0.343,2019
788,7,Sweden,7.343,1.387,1.487,1.009,0.574,0.267,0.373,2019
789,8,New Zealand,7.307,1.303,1.557,1.026,0.585,0.33,0.38,2019
790,9,Canada,7.278,1.365,1.505,1.039,0.584,0.285,0.308,2019
791,10,Austria,7.246,1.376,1.475,1.016,0.532,0.244,0.226,2019
792,11,Australia,7.228,1.372,1.548,1.036,0.557,0.332,0.29,2019
793,12,Costa Rica,7.167,1.034,1.441,0.963,0.558,0.144,0.093,2019
794,13,Israel,7.139,1.276,1.455,1.029,0.371,0.261,0.082,2019
795,14,Luxembourg,7.09,1.609,1.479,1.012,0.526,0.194,0.316,2019
796,15,United Kingdom,7.054,1.333,1.538,0.996,0.45,0.348,0.278,2019
797,16,Ireland,7.021,1.499,1.553,0.999,0.516,0.298,0.31,2019
798,17,Germany,6.985,1.373,1.454,0.987,0.495,0.261,0.265,2019
799,18,Belgium,6.923,1.356,1.504,0.986,0.473,0.16,0.21,2019
800,19,United States,6.892,1.433,1.457,0.874,0.454,0.28,0.128,2019
801,20,Czech Republic,6.852,1.269,1.487,0.92,0.457,0.046,0.036,2019
802,21,United Arab Emirates,6.825,1.503,1.31,0.825,0.598,0.262,0.182,2019
803,22,Malta,6.726,1.3,1.52,0.999,0.564,0.375,0.151,2019
804,23,Mexico,6.595,1.07,1.323,0.861,0.433,0.074,0.073,2019
805,24,France,6.592,1.324,1.472,1.045,0.436,0.111,0.183,2019
806,25,Taiwan,6.446,1.368,1.43,0.914,0.351,0.242,0.097,2019
807,26,Chile,6.444,1.159,1.369,0.92,0.357,0.187,0.056,2019
808,27,Guatemala,6.436,0.8,1.269,0.746,0.535,0.175,0.078,2019
809,28,Saudi Arabia,6.375,1.403,1.357,0.795,0.439,0.08,0.132,2019
810,29,Qatar,6.374,1.684,1.313,0.871,0.555,0.22,0.167,2019
811,30,Spain,6.354,1.286,1.484,1.062,0.362,0.153,0.079,2019
812,31,Panama,6.321,1.149,1.442,0.91,0.516,0.109,0.054,2019
813,32,Brazil,6.3,1.004,1.439,0.802,0.39,0.099,0.086,2019
814,33,Uruguay,6.293,1.124,1.465,0.891,0.523,0.127,0.15,2019
815,34,Singapore,6.262,1.572,1.463,1.141,0.556,0.271,0.453,2019
816,35,El Salvador,6.253,0.794,1.242,0.789,0.43,0.093,0.074,2019
817,36,Italy,6.223,1.294,1.488,1.039,0.231,0.158,0.03,2019
818,37,Bahrain,6.199,1.362,1.368,0.871,0.536,0.255,0.11,2019
819,38,Slovakia,6.198,1.246,1.504,0.881,0.334,0.121,0.014,2019
820,39,Trinidad & Tobago,6.192,1.231,1.477,0.713,0.489,0.185,0.016,2019
821,40,Poland,6.182,1.206,1.438,0.884,0.483,0.117,0.05,2019
822,41,Uzbekistan,6.174,0.745,1.529,0.756,0.631,0.322,0.24,2019
823,42,Lithuania,6.149,1.238,1.515,0.818,0.291,0.043,0.042,2019
824,43,Colombia,6.125,0.985,1.41,0.841,0.47,0.099,0.034,2019
825,44,Slovenia,6.118,1.258,1.523,0.953,0.564,0.144,0.057,2019
826,45,Nicaragua,6.105,0.694,1.325,0.835,0.435,0.2,0.127,2019
827,46,Kosovo,6.1,0.882,1.232,0.758,0.489,0.262,0.006,2019
828,47,Argentina,6.086,1.092,1.432,0.881,0.471,0.066,0.05,2019
829,48,Romania,6.07,1.162,1.232,0.825,0.462,0.083,0.005,2019
830,49,Cyprus,6.046,1.263,1.223,1.042,0.406,0.19,0.041,2019
831,50,Ecuador,6.028,0.912,1.312,0.868,0.498,0.126,0.087,2019
832,51,Kuwait,6.021,1.5,1.319,0.808,0.493,0.142,0.097,2019
833,52,Thailand,6.008,1.05,1.409,0.828,0.557,0.359,0.028,2019
834,53,Latvia,5.94,1.187,1.465,0.812,0.264,0.075,0.064,2019
835,54,South Korea,5.895,1.301,1.219,1.036,0.159,0.175,0.056,2019
836,55,Estonia,5.893,1.237,1.528,0.874,0.495,0.103,0.161,2019
837,56,Jamaica,5.89,0.831,1.478,0.831,0.49,0.107,0.028,2019
838,57,Mauritius,5.888,1.12,1.402,0.798,0.498,0.215,0.06,2019
839,58,Japan,5.886,1.327,1.419,1.088,0.445,0.069,0.14,2019
840,59,Honduras,5.86,0.642,1.236,0.828,0.507,0.246,0.078,2019
841,60,Kazakhstan,5.809,1.173,1.508,0.729,0.41,0.146,0.096,2019
842,61,Bolivia,5.779,0.776,1.209,0.706,0.511,0.137,0.064,2019
843,62,Hungary,5.758,1.201,1.41,0.828,0.199,0.081,0.02,2019
844,63,Paraguay,5.743,0.855,1.475,0.777,0.514,0.184,0.08,2019
845,64,Northern Cyprus,5.718,1.263,1.252,1.042,0.417,0.191,0.162,2019
846,65,Peru,5.697,0.96,1.274,0.854,0.455,0.083,0.027,2019
847,66,Portugal,5.693,1.221,1.431,0.999,0.508,0.047,0.025,2019
848,67,Pakistan,5.653,0.677,0.886,0.535,0.313,0.22,0.098,2019
849,68,Russia,5.648,1.183,1.452,0.726,0.334,0.082,0.031,2019
850,69,Philippines,5.631,0.807,1.293,0.657,0.558,0.117,0.107,2019
851,70,Serbia,5.603,1.004,1.383,0.854,0.282,0.137,0.039,2019
852,71,Moldova,5.529,0.685,1.328,0.739,0.245,0.181,0.0,2019
853,72,Libya,5.525,1.044,1.303,0.673,0.416,0.133,0.152,2019
854,73,Montenegro,5.523,1.051,1.361,0.871,0.197,0.142,0.08,2019
855,74,Tajikistan,5.467,0.493,1.098,0.718,0.389,0.23,0.144,2019
856,75,Croatia,5.432,1.155,1.266,0.914,0.296,0.119,0.022,2019
857,76,Hong Kong,5.43,1.438,1.277,1.122,0.44,0.258,0.287,2019
858,77,Dominican Republic,5.425,1.015,1.401,0.779,0.497,0.113,0.101,2019
859,78,Bosnia and Herzegovina,5.386,0.945,1.212,0.845,0.212,0.263,0.006,2019
860,79,Turkey,5.373,1.183,1.36,0.808,0.195,0.083,0.106,2019
861,80,Malaysia,5.339,1.221,1.171,0.828,0.508,0.26,0.024,2019
862,81,Belarus,5.323,1.067,1.465,0.789,0.235,0.094,0.142,2019
863,82,Greece,5.287,1.181,1.156,0.999,0.067,0.0,0.034,2019
864,83,Mongolia,5.285,0.948,1.531,0.667,0.317,0.235,0.038,2019
865,84,North Macedonia,5.274,0.983,1.294,0.838,0.345,0.185,0.034,2019
866,85,Nigeria,5.265,0.696,1.111,0.245,0.426,0.215,0.041,2019
867,86,Kyrgyzstan,5.261,0.551,1.438,0.723,0.508,0.3,0.023,2019
868,87,Turkmenistan,5.247,1.052,1.538,0.657,0.394,0.244,0.028,2019
869,88,Algeria,5.211,1.002,1.16,0.785,0.086,0.073,0.114,2019
870,89,Morocco,5.208,0.801,0.782,0.782,0.418,0.036,0.076,2019
871,90,Azerbaijan,5.208,1.043,1.147,0.769,0.351,0.035,0.182,2019
872,91,Lebanon,5.197,0.987,1.224,0.815,0.216,0.166,0.027,2019
873,92,Indonesia,5.192,0.931,1.203,0.66,0.491,0.498,0.028,2019
874,93,China,5.191,1.029,1.125,0.893,0.521,0.058,0.1,2019
875,94,Vietnam,5.175,0.741,1.346,0.851,0.543,0.147,0.073,2019
876,95,Bhutan,5.082,0.813,1.321,0.604,0.457,0.37,0.167,2019
877,96,Cameroon,5.044,0.549,0.91,0.331,0.381,0.187,0.037,2019
878,97,Bulgaria,5.011,1.092,1.513,0.815,0.311,0.081,0.004,2019
879,98,Ghana,4.996,0.611,0.868,0.486,0.381,0.245,0.04,2019
880,99,Ivory Coast,4.944,0.569,0.808,0.232,0.352,0.154,0.09,2019
881,100,Nepal,4.913,0.446,1.226,0.677,0.439,0.285,0.089,2019
882,101,Jordan,4.906,0.837,1.225,0.815,0.383,0.11,0.13,2019
883,102,Benin,4.883,0.393,0.437,0.397,0.349,0.175,0.082,2019
884,103,Congo (Brazzaville),4.812,0.673,0.799,0.508,0.372,0.105,0.093,2019
885,104,Gabon,4.799,1.057,1.183,0.571,0.295,0.043,0.055,2019
886,105,Laos,4.796,0.764,1.03,0.551,0.547,0.266,0.164,2019
887,106,South Africa,4.722,0.96,1.351,0.469,0.389,0.13,0.055,2019
888,107,Albania,4.719,0.947,0.848,0.874,0.383,0.178,0.027,2019
889,108,Venezuela,4.707,0.96,1.427,0.805,0.154,0.064,0.047,2019
890,109,Cambodia,4.7,0.574,1.122,0.637,0.609,0.232,0.062,2019
891,110,Palestinian Territories,4.696,0.657,1.247,0.672,0.225,0.103,0.066,2019
892,111,Senegal,4.681,0.45,1.134,0.571,0.292,0.153,0.072,2019
893,112,Somalia,4.668,0.0,0.698,0.268,0.559,0.243,0.27,2019
894,113,Namibia,4.639,0.879,1.313,0.477,0.401,0.07,0.056,2019
895,114,Niger,4.628,0.138,0.774,0.366,0.318,0.188,0.102,2019
896,115,Burkina Faso,4.587,0.331,1.056,0.38,0.255,0.177,0.113,2019
897,116,Armenia,4.559,0.85,1.055,0.815,0.283,0.095,0.064,2019
898,117,Iran,4.548,1.1,0.842,0.785,0.305,0.27,0.125,2019
899,118,Guinea,4.534,0.38,0.829,0.375,0.332,0.207,0.086,2019
900,119,Georgia,4.519,0.886,0.666,0.752,0.346,0.043,0.164,2019
901,120,Gambia,4.516,0.308,0.939,0.428,0.382,0.269,0.167,2019
902,121,Kenya,4.509,0.512,0.983,0.581,0.431,0.372,0.053,2019
903,122,Mauritania,4.49,0.57,1.167,0.489,0.066,0.106,0.088,2019
904,123,Mozambique,4.466,0.204,0.986,0.39,0.494,0.197,0.138,2019
905,124,Tunisia,4.461,0.921,1.0,0.815,0.167,0.059,0.055,2019
906,125,Bangladesh,4.456,0.562,0.928,0.723,0.527,0.166,0.143,2019
907,126,Iraq,4.437,1.043,0.98,0.574,0.241,0.148,0.089,2019
908,127,Congo (Kinshasa),4.418,0.094,1.125,0.357,0.269,0.212,0.053,2019
909,128,Mali,4.39,0.385,1.105,0.308,0.327,0.153,0.052,2019
910,129,Sierra Leone,4.374,0.268,0.841,0.242,0.309,0.252,0.045,2019
911,130,Sri Lanka,4.366,0.949,1.265,0.831,0.47,0.244,0.047,2019
912,131,Myanmar,4.36,0.71,1.181,0.555,0.525,0.566,0.172,2019
913,132,Chad,4.35,0.35,0.766,0.192,0.174,0.198,0.078,2019
914,133,Ukraine,4.332,0.82,1.39,0.739,0.178,0.187,0.01,2019
915,134,Ethiopia,4.286,0.336,1.033,0.532,0.344,0.209,0.1,2019
916,135,Swaziland,4.212,0.811,1.149,0.0,0.313,0.074,0.135,2019
917,136,Uganda,4.189,0.332,1.069,0.443,0.356,0.252,0.06,2019
918,137,Egypt,4.166,0.913,1.039,0.644,0.241,0.076,0.067,2019
919,138,Zambia,4.107,0.578,1.058,0.426,0.431,0.247,0.087,2019
920,139,Togo,4.085,0.275,0.572,0.41,0.293,0.177,0.085,2019
921,140,India,4.015,0.755,0.765,0.588,0.498,0.2,0.085,2019
922,141,Liberia,3.975,0.073,0.922,0.443,0.37,0.233,0.033,2019
923,142,Comoros,3.973,0.274,0.757,0.505,0.142,0.275,0.078,2019
924,143,Madagascar,3.933,0.274,0.916,0.555,0.148,0.169,0.041,2019
925,144,Lesotho,3.802,0.489,1.169,0.168,0.359,0.107,0.093,2019
926,145,Burundi,3.775,0.046,0.447,0.38,0.22,0.176,0.18,2019
927,146,Zimbabwe,3.663,0.366,1.114,0.433,0.361,0.151,0.089,2019
928,147,Haiti,3.597,0.323,0.688,0.449,0.026,0.419,0.11,2019
929,148,Botswana,3.488,1.041,1.145,0.538,0.455,0.025,0.1,2019
930,149,Syria,3.462,0.619,0.378,0.44,0.013,0.331,0.141,2019
931,150,Malawi,3.41,0.191,0.56,0.495,0.443,0.218,0.089,2019
932,151,Yemen,3.38,0.287,1.163,0.463,0.143,0.108,0.077,2019
933,152,Rwanda,3.334,0.359,0.711,0.614,0.555,0.217,0.411,2019
934,153,Tanzania,3.231,0.476,0.885,0.499,0.417,0.276,0.147,2019
935,154,Afghanistan,3.203,0.35,0.517,0.361,0.0,0.158,0.025,2019
936,155,Central African Republic,3.083,0.026,0.0,0.105,0.225,0.235,0.035,2019
937,156,South Sudan,2.853,0.306,0.575,0.295,0.01,0.202,0.091,2019
1091,1,Finland,7.842,10.775,0.954,72.0,0.949,-0.098,0.186,2021
1092,2,Denmark,7.62,10.933,0.954,72.7,0.946,0.03,0.179,2021
1093,3,Switzerland,7.571,11.117,0.942,74.4,0.919,0.025,0.292,2021
1094,4,Iceland,7.554,10.878,0.983,73.0,0.955,0.16,0.673,2021
1095,5,Netherlands,7.464,10.932,0.942,72.4,0.913,0.175,0.338,2021
1096,6,Norway,7.392,11.053,0.954,73.3,0.96,0.093,0.27,2021
1097,7,Sweden,7.363,10.867,0.934,72.7,0.945,0.086,0.237,2021
1098,8,Luxembourg,7.324,11.647,0.908,72.6,0.907,-0.034,0.386,2021
1099,9,New Zealand,7.277,10.643,0.948,73.4,0.929,0.134,0.242,2021
1100,10,Austria,7.268,10.906,0.934,73.3,0.908,0.042,0.481,2021
1101,11,Australia,7.183,10.796,0.94,73.9,0.914,0.159,0.442,2021
1102,12,Israel,7.157,10.575,0.939,73.503,0.8,0.031,0.753,2021
1103,13,Germany,7.155,10.873,0.903,72.5,0.875,0.011,0.46,2021
1104,14,Canada,7.103,10.776,0.926,73.8,0.915,0.089,0.415,2021
1105,15,Ireland,7.085,11.342,0.947,72.4,0.879,0.077,0.363,2021
1106,16,Costa Rica,7.069,9.88,0.891,71.4,0.934,-0.126,0.809,2021
1107,17,United Kingdom,7.064,10.707,0.934,72.5,0.859,0.233,0.459,2021
1108,18,Czech Republic,6.965,10.556,0.947,70.807,0.858,-0.208,0.868,2021
1109,19,United States,6.951,11.023,0.92,68.2,0.837,0.098,0.698,2021
1110,20,Belgium,6.834,10.823,0.906,72.199,0.783,-0.153,0.646,2021
1111,21,France,6.69,10.704,0.942,74.0,0.822,-0.147,0.571,2021
1112,22,Bahrain,6.647,10.669,0.862,69.495,0.925,0.089,0.722,2021
1113,23,Malta,6.602,10.674,0.931,72.2,0.927,0.133,0.653,2021
1114,24,Taiwan Province of China,6.584,10.871,0.898,69.6,0.784,-0.07,0.721,2021
1115,25,United Arab Emirates,6.561,11.085,0.844,67.333,0.932,0.074,0.589,2021
1116,26,Saudi Arabia,6.494,10.743,0.891,66.603,0.877,-0.149,0.684,2021
1117,27,Spain,6.491,10.571,0.932,74.7,0.761,-0.081,0.745,2021
1118,28,Italy,6.483,10.623,0.88,73.8,0.693,-0.084,0.866,2021
1119,29,Slovenia,6.461,10.529,0.948,71.4,0.949,-0.101,0.806,2021
1120,30,Guatemala,6.435,9.053,0.813,64.958,0.906,-0.038,0.775,2021
1121,31,Uruguay,6.431,9.966,0.925,69.1,0.896,-0.092,0.59,2021
1122,32,Singapore,6.377,11.488,0.915,76.953,0.927,-0.018,0.082,2021
1123,33,Kosovo,6.372,9.318,0.821,63.813,0.869,0.257,0.917,2021
1124,34,Slovakia,6.331,10.369,0.936,69.201,0.766,-0.124,0.911,2021
1125,35,Brazil,6.33,9.577,0.882,66.601,0.804,-0.071,0.756,2021
1126,36,Mexico,6.317,9.859,0.831,68.597,0.862,-0.147,0.799,2021
1127,37,Jamaica,6.309,9.186,0.877,67.5,0.89,-0.137,0.884,2021
1128,38,Lithuania,6.255,10.499,0.935,67.906,0.773,-0.203,0.826,2021
1129,39,Cyprus,6.223,10.576,0.802,73.898,0.763,-0.015,0.844,2021
1130,40,Estonia,6.189,10.481,0.941,68.8,0.909,-0.106,0.527,2021
1131,41,Panama,6.18,10.35,0.896,69.652,0.872,-0.166,0.856,2021
1132,42,Uzbekistan,6.179,8.836,0.918,65.255,0.97,0.311,0.515,2021
1133,43,Chile,6.172,10.071,0.882,70.0,0.742,-0.044,0.83,2021
1134,44,Poland,6.166,10.382,0.898,69.702,0.841,-0.165,0.735,2021
1135,45,Kazakhstan,6.152,10.155,0.952,65.2,0.853,-0.069,0.733,2021
1136,46,Romania,6.14,10.284,0.832,67.355,0.845,-0.219,0.938,2021
1137,47,Kuwait,6.106,10.817,0.843,66.9,0.867,-0.104,0.736,2021
1138,48,Serbia,6.078,9.787,0.873,68.6,0.778,0.002,0.835,2021
1139,49,El Salvador,6.061,9.054,0.762,66.402,0.888,-0.11,0.688,2021
1140,50,Mauritius,6.049,10.008,0.905,66.701,0.867,-0.054,0.789,2021
1141,51,Latvia,6.032,10.315,0.927,67.1,0.715,-0.162,0.8,2021
1142,52,Colombia,6.012,9.557,0.847,68.001,0.837,-0.135,0.841,2021
1143,53,Hungary,5.992,10.358,0.943,68.0,0.755,-0.186,0.876,2021
1144,54,Thailand,5.985,9.805,0.888,67.401,0.884,0.287,0.895,2021
1145,55,Nicaragua,5.972,8.62,0.864,67.657,0.836,0.02,0.664,2021
1146,56,Japan,5.94,10.611,0.884,75.1,0.796,-0.258,0.638,2021
1147,57,Argentina,5.929,9.962,0.898,69.0,0.828,-0.182,0.834,2021
1148,58,Portugal,5.929,10.421,0.879,72.6,0.892,-0.244,0.887,2021
1149,59,Honduras,5.919,8.648,0.812,67.3,0.857,0.081,0.809,2021
1150,60,Croatia,5.882,10.217,0.924,70.799,0.754,-0.118,0.939,2021
1151,61,Philippines,5.88,9.076,0.83,62.0,0.917,-0.097,0.742,2021
1152,62,South Korea,5.845,10.651,0.799,73.9,0.672,-0.083,0.727,2021
1153,63,Peru,5.84,9.458,0.832,68.25,0.822,-0.154,0.891,2021
1154,64,Bosnia and Herzegovina,5.813,9.59,0.87,68.098,0.706,0.113,0.931,2021
1155,65,Moldova,5.766,9.454,0.857,65.699,0.822,-0.079,0.918,2021
1156,66,Ecuador,5.764,9.313,0.821,68.8,0.842,-0.124,0.843,2021
1157,67,Kyrgyzstan,5.744,8.538,0.893,64.401,0.935,0.119,0.908,2021
1158,68,Greece,5.723,10.279,0.823,72.6,0.582,-0.288,0.823,2021
1159,69,Bolivia,5.716,9.046,0.81,63.901,0.875,-0.077,0.839,2021
1160,70,Mongolia,5.677,9.4,0.935,62.5,0.708,0.116,0.856,2021
1161,71,Paraguay,5.653,9.448,0.893,65.9,0.876,0.028,0.882,2021
1162,72,Montenegro,5.581,9.94,0.858,68.699,0.708,-0.034,0.812,2021
1163,73,Dominican Republic,5.545,9.802,0.853,66.102,0.86,-0.133,0.714,2021
1164,74,North Cyprus,5.536,10.576,0.82,73.898,0.795,0.012,0.626,2021
1165,75,Belarus,5.534,9.853,0.91,66.253,0.65,-0.18,0.627,2021
1166,76,Russia,5.477,10.189,0.903,64.703,0.718,-0.111,0.845,2021
1167,77,Hong Kong S.A.R. of China,5.477,11.0,0.836,76.82,0.717,0.067,0.403,2021
1168,78,Tajikistan,5.466,8.091,0.86,64.281,0.832,-0.056,0.553,2021
1169,79,Vietnam,5.411,8.973,0.85,68.034,0.94,-0.098,0.796,2021
1170,80,Libya,5.41,9.622,0.827,62.3,0.771,-0.087,0.667,2021
1171,81,Malaysia,5.384,10.238,0.817,67.102,0.895,0.125,0.839,2021
1172,82,Indonesia,5.345,9.365,0.811,62.236,0.873,0.542,0.867,2021
1173,83,Congo (Brazzaville),5.342,8.117,0.636,58.221,0.695,-0.068,0.745,2021
1174,84,China,5.339,9.673,0.811,69.593,0.904,-0.146,0.755,2021
1175,85,Ivory Coast,5.306,8.551,0.644,50.114,0.741,-0.016,0.794,2021
1176,86,Armenia,5.283,9.487,0.799,67.055,0.825,-0.168,0.629,2021
1177,87,Nepal,5.269,8.12,0.774,64.233,0.782,0.152,0.727,2021
1178,88,Bulgaria,5.266,10.016,0.931,67.0,0.788,-0.096,0.932,2021
1179,89,Maldives,5.198,9.826,0.913,70.6,0.854,0.024,0.825,2021
1180,90,Azerbaijan,5.171,9.569,0.836,65.656,0.814,-0.223,0.506,2021
1181,91,Cameroon,5.142,8.189,0.71,53.515,0.731,0.026,0.848,2021
1182,92,Senegal,5.132,8.118,0.71,59.802,0.695,-0.046,0.801,2021
1183,93,Albania,5.117,9.52,0.697,68.999,0.785,-0.03,0.901,2021
1184,94,North Macedonia,5.101,9.693,0.805,65.474,0.751,0.038,0.905,2021
1185,95,Ghana,5.088,8.58,0.727,57.586,0.807,0.123,0.848,2021
1186,96,Niger,5.074,7.098,0.641,53.78,0.806,0.018,0.693,2021
1187,97,Turkmenistan,5.066,9.629,0.983,62.409,0.877,0.273,0.888,2021
1188,98,Gambia,5.051,7.686,0.69,55.16,0.697,0.424,0.746,2021
1189,99,Benin,5.045,8.087,0.489,54.713,0.757,-0.034,0.661,2021
1190,100,Laos,5.03,8.947,0.728,58.968,0.91,0.123,0.658,2021
1191,101,Bangladesh,5.025,8.454,0.693,64.8,0.877,-0.041,0.682,2021
1192,102,Guinea,4.984,7.838,0.639,55.008,0.697,0.095,0.766,2021
1193,103,South Africa,4.956,9.403,0.86,56.904,0.749,-0.067,0.86,2021
1194,104,Turkey,4.948,10.24,0.822,67.199,0.576,-0.139,0.776,2021
1195,105,Pakistan,4.934,8.458,0.651,58.709,0.726,0.098,0.787,2021
1196,106,Morocco,4.918,8.903,0.56,66.208,0.774,-0.236,0.801,2021
1197,107,Venezuela,4.892,9.073,0.861,66.7,0.615,-0.169,0.827,2021
1198,108,Georgia,4.891,9.585,0.671,64.3,0.783,-0.238,0.655,2021
1199,109,Algeria,4.887,9.342,0.802,66.005,0.48,-0.067,0.752,2021
1200,110,Ukraine,4.875,9.436,0.888,64.902,0.724,-0.011,0.924,2021
1201,111,Iraq,4.854,9.24,0.746,60.583,0.63,-0.053,0.875,2021
1202,112,Gabon,4.852,9.603,0.776,59.962,0.731,-0.2,0.84,2021
1203,113,Burkina Faso,4.834,7.678,0.672,54.151,0.695,-0.009,0.748,2021
1204,114,Cambodia,4.83,8.36,0.765,62.0,0.959,0.034,0.843,2021
1205,115,Mozambique,4.794,7.158,0.744,54.706,0.882,0.061,0.684,2021
1206,116,Nigeria,4.759,8.533,0.74,50.102,0.737,0.037,0.878,2021
1207,117,Mali,4.723,7.744,0.724,51.969,0.697,-0.036,0.827,2021
1208,118,Iran,4.721,9.584,0.71,66.3,0.608,0.218,0.714,2021
1209,119,Uganda,4.636,7.677,0.781,56.101,0.709,0.122,0.855,2021
1210,120,Liberia,4.625,7.288,0.72,56.498,0.735,0.05,0.85,2021
1211,121,Kenya,4.607,8.361,0.688,60.704,0.779,0.287,0.825,2021
1212,122,Tunisia,4.596,9.266,0.691,67.201,0.656,-0.201,0.87,2021
1213,123,Lebanon,4.584,9.626,0.848,67.355,0.525,-0.073,0.898,2021
1214,124,Namibia,4.574,9.161,0.818,56.799,0.719,-0.149,0.847,2021
1215,125,Palestinian Territories,4.517,8.485,0.826,62.25,0.653,-0.163,0.821,2021
1216,126,Myanmar,4.426,8.541,0.779,59.302,0.876,0.509,0.66,2021
1217,127,Jordan,4.395,9.182,0.767,67.0,0.755,-0.167,0.705,2021
1218,128,Chad,4.355,7.364,0.619,48.478,0.579,0.041,0.807,2021
1219,129,Sri Lanka,4.325,9.47,0.827,67.299,0.841,0.079,0.863,2021
1220,130,Swaziland,4.308,9.065,0.77,50.833,0.647,-0.185,0.708,2021
1221,131,Comoros,4.289,8.031,0.626,57.349,0.548,0.082,0.781,2021
1222,132,Egypt,4.283,9.367,0.75,61.998,0.749,-0.182,0.795,2021
1223,133,Ethiopia,4.275,7.694,0.764,59.0,0.752,0.082,0.761,2021
1224,134,Mauritania,4.227,8.542,0.795,57.161,0.561,-0.106,0.731,2021
1225,135,Madagascar,4.208,7.396,0.686,59.305,0.552,-0.005,0.803,2021
1226,136,Togo,4.107,7.362,0.569,54.914,0.619,0.032,0.772,2021
1227,137,Zambia,4.073,8.145,0.708,55.809,0.782,0.061,0.823,2021
1228,138,Sierra Leone,3.849,7.434,0.63,51.651,0.717,0.084,0.866,2021
1229,139,India,3.819,8.755,0.603,60.633,0.893,0.089,0.774,2021
1230,140,Burundi,3.775,6.635,0.49,53.4,0.626,-0.024,0.607,2021
1231,141,Yemen,3.658,7.578,0.832,57.122,0.602,-0.147,0.8,2021
1232,142,Tanzania,3.623,7.876,0.702,57.999,0.833,0.183,0.577,2021
1233,143,Haiti,3.615,7.477,0.54,55.7,0.593,0.422,0.721,2021
1234,144,Malawi,3.6,6.958,0.537,57.948,0.78,0.038,0.729,2021
1235,145,Lesotho,3.512,7.926,0.787,48.7,0.715,-0.131,0.915,2021
1236,146,Botswana,3.467,9.782,0.784,59.269,0.824,-0.246,0.801,2021
1237,147,Rwanda,3.415,7.676,0.552,61.4,0.897,0.061,0.167,2021
1238,148,Zimbabwe,3.145,7.943,0.75,56.201,0.677,-0.047,0.821,2021
1239,149,Afghanistan,2.523,7.695,0.463,52.493,0.382,-0.102,0.924,2021
1240,1,Finland,7.821,1.892,1.258,0.775,0.736,0.109,0.534,2022
1241,2,Denmark,7.636,1.953,1.243,0.777,0.719,0.188,0.532,2022
1242,3,Iceland,7.557,1.936,1.32,0.803,0.718,0.27,0.191,2022
1243,4,Switzerland,7.512,2.026,1.226,0.822,0.677,0.147,0.461,2022
1244,5,Netherlands,7.415,1.945,1.206,0.787,0.651,0.271,0.419,2022
1245,6,Luxembourg*,7.404,2.209,1.155,0.79,0.7,0.12,0.388,2022
1246,7,Sweden,7.384,1.92,1.204,0.803,0.724,0.218,0.512,2022
1247,8,Norway,7.365,1.997,1.239,0.786,0.728,0.217,0.474,2022
1248,9,Israel,7.364,1.826,1.221,0.818,0.568,0.155,0.143,2022
1249,10,New Zealand,7.2,1.852,1.235,0.752,0.68,0.245,0.483,2022
1250,11,Austria,7.163,1.931,1.165,0.774,0.623,0.193,0.329,2022
1251,12,Australia,7.162,1.9,1.203,0.772,0.676,0.258,0.341,2022
1252,13,Ireland,7.041,2.129,1.166,0.779,0.627,0.19,0.408,2022
1253,14,Germany,7.034,1.924,1.088,0.776,0.585,0.163,0.358,2022
1254,15,Canada,7.025,1.886,1.188,0.783,0.659,0.217,0.368,2022
1255,16,United States,6.977,1.982,1.182,0.628,0.574,0.22,0.177,2022
1256,17,United Kingdom,6.943,1.867,1.143,0.75,0.597,0.289,0.329,2022
1257,18,Czechia,6.92,1.815,1.26,0.715,0.66,0.158,0.048,2022
1258,19,Belgium,6.805,1.907,1.106,0.764,0.492,0.049,0.204,2022
1259,20,France,6.687,1.863,1.219,0.808,0.567,0.07,0.266,2022
1260,21,Bahrain,6.647,1.854,1.029,0.625,0.693,0.199,0.155,2022
1261,22,Slovenia,6.63,1.81,1.249,0.769,0.685,0.118,0.115,2022
1262,23,Costa Rica,6.582,1.584,1.054,0.744,0.661,0.089,0.102,2022
1263,24,United Arab Emirates,6.576,1.998,0.98,0.633,0.702,0.204,0.25,2022
1264,25,Saudi Arabia,6.523,1.87,1.092,0.577,0.651,0.078,0.18,2022
1265,26,Taiwan Province of China,6.512,1.897,1.095,0.733,0.542,0.075,0.168,2022
1266,27,Singapore,6.48,2.149,1.127,0.851,0.672,0.163,0.587,2022
1267,28,Romania,6.477,1.719,1.006,0.655,0.605,0.039,0.006,2022
1268,29,Spain,6.476,1.808,1.211,0.808,0.505,0.101,0.149,2022
1269,30,Uruguay,6.474,1.615,1.18,0.672,0.665,0.103,0.265,2022
1270,31,Italy,6.467,1.834,1.052,0.801,0.412,0.085,0.059,2022
1271,32,Kosovo,6.455,1.362,0.949,0.569,0.599,0.309,0.035,2022
1272,33,Malta,6.447,1.838,1.169,0.789,0.679,0.174,0.166,2022
1273,34,Lithuania,6.446,1.804,1.204,0.659,0.496,0.053,0.077,2022
1274,35,Slovakia,6.391,1.736,1.232,0.707,0.479,0.118,0.025,2022
1275,36,Estonia,6.341,1.793,1.232,0.728,0.689,0.123,0.333,2022
1276,37,Panama,6.309,1.715,1.107,0.709,0.592,0.049,0.051,2022
1277,38,Brazil,6.293,1.462,1.044,0.615,0.546,0.131,0.134,2022
1278,39,Guatemala*,6.262,1.274,0.831,0.522,0.662,0.112,0.115,2022
1279,40,Kazakhstan,6.234,1.668,1.22,0.611,0.584,0.134,0.157,2022
1280,41,Cyprus,6.221,1.815,0.909,0.819,0.448,0.123,0.062,2022
1281,42,Latvia,6.18,1.732,1.221,0.637,0.502,0.075,0.09,2022
1282,43,Serbia,6.178,1.55,1.086,0.658,0.546,0.219,0.088,2022
1283,44,Chile,6.172,1.651,1.08,0.748,0.46,0.124,0.069,2022
1284,45,Nicaragua,6.165,1.105,1.029,0.617,0.617,0.168,0.212,2022
1285,46,Mexico,6.128,1.552,0.886,0.623,0.621,0.092,0.115,2022
1286,47,Croatia,6.125,1.705,1.183,0.709,0.535,0.109,0.0,2022
1287,48,Poland,6.123,1.758,1.174,0.712,0.523,0.124,0.14,2022
1288,49,El Salvador,6.12,1.265,0.768,0.607,0.666,0.089,0.212,2022
1289,50,Kuwait*,6.106,1.904,0.983,0.747,0.617,0.087,0.147,2022
1290,51,Hungary,6.086,1.748,1.233,0.668,0.485,0.078,0.064,2022
1291,52,Mauritius,6.071,1.591,1.116,0.568,0.589,0.131,0.107,2022
1292,53,Uzbekistan,6.063,1.219,1.092,0.6,0.716,0.283,0.24,2022
1293,54,Japan,6.039,1.835,1.089,0.866,0.537,0.007,0.218,2022
1294,55,Honduras,6.022,1.111,0.885,0.555,0.582,0.202,0.076,2022
1295,56,Portugal,6.016,1.76,1.078,0.777,0.655,0.016,0.039,2022
1296,57,Argentina,5.967,1.592,1.102,0.662,0.555,0.081,0.085,2022
1297,58,Greece,5.948,1.703,0.98,0.774,0.249,0.015,0.108,2022
1298,59,South Korea,5.935,1.851,0.886,0.841,0.414,0.111,0.176,2022
1299,60,Philippines,5.904,1.268,0.912,0.514,0.678,0.107,0.142,2022
1300,61,Thailand,5.891,1.535,1.096,0.697,0.617,0.321,0.026,2022
1301,62,Moldova,5.857,1.417,1.008,0.597,0.561,0.102,0.028,2022
1302,63,Jamaica,5.85,1.296,1.045,0.646,0.567,0.08,0.053,2022
1303,64,Kyrgyzstan,5.828,1.069,1.109,0.638,0.693,0.208,0.025,2022
1304,65,Belarus*,5.821,1.562,1.157,0.629,0.342,0.04,0.282,2022
1305,66,Colombia,5.781,1.452,0.929,0.72,0.545,0.087,0.077,2022
1306,67,Bosnia and Herzegovina,5.768,1.468,1.068,0.665,0.448,0.244,0.006,2022
1307,68,Mongolia,5.761,1.393,1.197,0.467,0.398,0.247,0.059,2022
1308,69,Dominican Republic,5.737,1.538,1.003,0.577,0.606,0.084,0.179,2022
1309,70,Malaysia,5.711,1.689,0.938,0.62,0.654,0.213,0.126,2022
1310,71,Bolivia,5.6,1.256,0.88,0.555,0.627,0.112,0.064,2022
1311,72,China,5.585,1.508,0.958,0.705,0.656,0.099,0.142,2022
1312,73,Paraguay,5.578,1.409,1.13,0.624,0.629,0.171,0.059,2022
1313,74,Peru,5.559,1.397,0.865,0.735,0.545,0.09,0.037,2022
1314,75,Montenegro,5.547,1.573,1.023,0.659,0.46,0.135,0.077,2022
1315,76,Ecuador,5.533,1.352,0.879,0.708,0.565,0.08,0.083,2022
1316,77,Vietnam,5.485,1.252,0.932,0.611,0.707,0.143,0.105,2022
1317,78,Turkmenistan*,5.474,1.484,1.319,0.516,0.649,0.314,0.032,2022
1318,79,North Cyprus*,5.467,1.815,0.888,0.819,0.523,0.13,0.213,2022
1319,80,Russia,5.459,1.685,1.095,0.586,0.401,0.117,0.08,2022
1320,81,Hong Kong S.A.R. of China,5.425,1.957,0.954,0.942,0.4,0.147,0.383,2022
1321,82,Armenia,5.399,1.434,0.82,0.668,0.558,0.054,0.21,2022
1322,83,Tajikistan,5.377,0.966,1.005,0.518,0.572,0.118,0.304,2022
1323,84,Nepal,5.377,0.984,0.784,0.499,0.519,0.237,0.13,2022
1324,85,Bulgaria,5.371,1.625,1.163,0.64,0.563,0.123,0.021,2022
1325,86,Libya*,5.33,1.476,0.943,0.606,0.477,0.106,0.179,2022
1326,87,Indonesia,5.24,1.382,0.883,0.539,0.62,0.468,0.047,2022
1327,88,Ivory Coast,5.235,1.094,0.442,0.322,0.451,0.149,0.124,2022
1328,89,North Macedonia,5.199,1.505,0.863,0.637,0.488,0.215,0.031,2022
1329,90,Albania,5.199,1.439,0.646,0.719,0.511,0.138,0.028,2022
1330,91,South Africa,5.194,1.425,1.088,0.361,0.442,0.089,0.046,2022
1331,92,Azerbaijan*,5.173,1.458,1.093,0.56,0.601,0.023,0.341,2022
1332,93,Gambia*,5.164,0.785,0.621,0.369,0.367,0.388,0.103,2022
1333,94,Bangladesh,5.155,1.06,0.614,0.581,0.622,0.125,0.187,2022
1334,95,Laos,5.14,1.239,0.654,0.479,0.679,0.197,0.184,2022
1335,96,Algeria,5.122,1.363,0.97,0.643,0.146,0.106,0.15,2022
1336,97,Liberia*,5.122,0.636,0.67,0.309,0.405,0.178,0.08,2022
1337,98,Ukraine,5.084,1.411,1.081,0.583,0.473,0.188,0.017,2022
1338,99,Congo,5.075,0.95,0.405,0.355,0.431,0.13,0.146,2022
1339,100,Morocco,5.06,1.208,0.268,0.565,0.492,0.02,0.102,2022
1340,101,Mozambique,5.048,0.578,0.66,0.191,0.593,0.185,0.2,2022
1341,102,Cameroon,5.048,0.968,0.672,0.317,0.397,0.152,0.074,2022
1342,103,Senegal,5.046,0.933,0.53,0.447,0.494,0.143,0.081,2022
1343,104,Niger*,5.003,0.57,0.56,0.326,0.571,0.165,0.145,2022
1344,105,Georgia,4.973,1.467,0.612,0.595,0.508,0.0,0.208,2022
1345,106,Gabon,4.958,1.459,0.738,0.396,0.343,0.032,0.099,2022
1346,107,Iraq,4.941,1.289,0.682,0.554,0.328,0.147,0.046,2022
1347,108,Venezuela,4.925,0.0,0.968,0.578,0.283,0.225,0.082,2022
1348,109,Guinea,4.891,0.848,0.566,0.275,0.334,0.214,0.116,2022
1349,110,Iran,4.888,1.41,0.741,0.642,0.281,0.241,0.146,2022
1350,111,Ghana,4.872,1.112,0.595,0.409,0.5,0.23,0.056,2022
1351,112,Turkey,4.744,1.707,0.865,0.702,0.209,0.087,0.115,2022
1352,113,Burkina Faso,4.67,0.779,0.565,0.32,0.382,0.186,0.126,2022
1353,114,Cambodia,4.64,1.019,0.732,0.505,0.74,0.166,0.068,2022
1354,115,Benin,4.623,0.932,0.064,0.335,0.479,0.127,0.23,2022
1355,116,Comoros*,4.609,0.899,0.476,0.424,0.185,0.195,0.125,2022
1356,117,Uganda,4.603,0.777,0.875,0.418,0.402,0.222,0.066,2022
1357,118,Nigeria,4.552,1.079,0.732,0.3,0.444,0.175,0.038,2022
1358,119,Kenya,4.543,1.032,0.605,0.401,0.44,0.322,0.082,2022
1359,120,Tunisia,4.516,1.35,0.596,0.656,0.316,0.029,0.029,2022
1360,121,Pakistan,4.516,1.049,0.413,0.374,0.448,0.181,0.112,2022
1361,122,Palestinian Territories*,4.483,1.148,0.957,0.521,0.336,0.073,0.079,2022
1362,123,Mali,4.479,0.792,0.483,0.311,0.35,0.128,0.042,2022
1363,124,Namibia,4.459,1.292,0.877,0.354,0.384,0.067,0.071,2022
1364,125,"Eswatini, Kingdom of*",4.396,1.274,0.786,0.197,0.259,0.038,0.154,2022
1365,126,Myanmar,4.394,1.038,0.829,0.491,0.513,0.452,0.194,2022
1366,127,Sri Lanka,4.362,1.415,0.934,0.66,0.529,0.15,0.079,2022
1367,128,Madagascar*,4.339,0.67,0.645,0.378,0.202,0.143,0.154,2022
1368,129,Egypt,4.288,1.388,0.732,0.548,0.469,0.041,0.254,2022
1369,130,Chad*,4.251,0.662,0.506,0.225,0.18,0.182,0.077,2022
1370,131,Ethiopia,4.241,0.788,0.809,0.457,0.472,0.205,0.136,2022
1371,132,Yemen*,4.197,0.691,1.043,0.384,0.33,0.09,0.098,2022
1372,133,Mauritania*,4.153,1.1,0.865,0.45,0.304,0.088,0.138,2022
1373,134,Jordan,4.152,1.324,0.724,0.675,0.476,0.058,0.2,2022
1374,135,Togo,4.112,0.771,0.322,0.36,0.292,0.174,0.132,2022
1375,136,India,3.777,1.167,0.376,0.471,0.647,0.198,0.123,2022
1376,137,Zambia,3.76,0.93,0.577,0.306,0.525,0.203,0.083,2022
1377,138,Malawi,3.75,0.648,0.279,0.388,0.477,0.14,0.157,2022
1378,139,Tanzania,3.702,0.848,0.597,0.425,0.578,0.248,0.27,2022
1379,140,Sierra Leone,3.574,0.686,0.416,0.273,0.387,0.202,0.055,2022
1380,141,Lesotho*,3.512,0.839,0.848,0.0,0.419,0.076,0.018,2022
1381,142,Botswana*,3.471,1.503,0.815,0.28,0.571,0.012,0.102,2022
1382,143,Rwanda*,3.268,0.785,0.133,0.462,0.621,0.187,0.544,2022
1383,144,Zimbabwe,2.995,0.947,0.69,0.27,0.329,0.106,0.105,2022
1384,145,Lebanon,2.955,1.392,0.498,0.631,0.103,0.082,0.034,2022
1385,146,Afghanistan,2.404,0.758,0.0,0.289,0.0,0.089,0.005,2022
1386,1,Finland,7.804,10.792,0.969,71.15,0.961,-0.019,0.182,2023
1387,2,Denmark,7.586,10.962,0.954,71.25,0.934,0.134,0.196,2023
1388,3,Iceland,7.53,10.896,0.983,72.05,0.936,0.211,0.668,2023
1389,4,Israel,7.473,10.639,0.943,72.697,0.809,-0.023,0.708,2023
1390,5,Netherlands,7.403,10.942,0.93,71.55,0.887,0.213,0.379,2023
1391,6,Sweden,7.395,10.883,0.939,72.15,0.948,0.165,0.202,2023
1392,7,Norway,7.315,11.088,0.943,71.5,0.947,0.141,0.283,2023
1393,8,Switzerland,7.24,11.164,0.92,72.9,0.891,0.027,0.266,2023
1394,9,Luxembourg,7.228,11.66,0.879,71.675,0.915,0.024,0.345,2023
1395,10,New Zealand,7.123,10.662,0.952,70.35,0.887,0.175,0.271,2023
1396,11,Austria,7.097,10.899,0.888,71.15,0.855,0.102,0.497,2023
1397,12,Australia,7.095,10.821,0.934,71.05,0.89,0.198,0.496,2023
1398,13,Canada,6.961,10.773,0.929,71.4,0.874,0.153,0.42,2023
1399,14,Ireland,6.911,11.527,0.905,71.3,0.874,0.092,0.358,2023
1400,15,United States,6.894,11.048,0.919,65.85,0.8,0.137,0.689,2023
1401,16,Germany,6.892,10.879,0.896,71.3,0.846,0.03,0.42,2023
1402,17,Belgium,6.859,10.844,0.915,70.899,0.825,0.001,0.549,2023
1403,18,Czechia,6.845,10.611,0.953,69.05,0.903,0.04,0.859,2023
1404,19,United Kingdom,6.796,10.704,0.882,70.3,0.852,0.253,0.454,2023
1405,20,Lithuania,6.763,10.568,0.939,67.397,0.748,-0.145,0.805,2023
1406,21,France,6.661,10.701,0.909,72.3,0.819,-0.1,0.553,2023
1407,22,Slovenia,6.65,10.588,0.951,71.052,0.913,0.014,0.771,2023
1408,23,Costa Rica,6.609,9.952,0.872,70.0,0.895,-0.07,0.768,2023
1409,24,Romania,6.589,10.339,0.848,67.051,0.856,-0.172,0.929,2023
1410,25,Singapore,6.587,11.571,0.878,73.8,0.878,0.063,0.146,2023
1411,26,United Arab Emirates,6.571,11.145,0.826,66.243,0.942,0.096,0.584,2023
1412,27,Taiwan Province of China,6.535,10.797,0.884,69.6,0.804,-0.129,0.681,2023
1413,28,Uruguay,6.494,10.037,0.913,67.5,0.895,-0.065,0.575,2023
1414,29,Slovakia,6.469,10.353,0.953,68.838,0.753,-0.016,0.898,2023
1415,30,Saudi Arabia,6.463,10.715,0.884,64.399,0.894,-0.081,0.691,2023
1416,31,Estonia,6.455,10.541,0.946,69.65,0.929,0.032,0.409,2023
1417,32,Spain,6.436,10.54,0.932,72.35,0.782,-0.066,0.711,2023
1418,33,Italy,6.405,10.634,0.882,72.05,0.711,-0.074,0.842,2023
1419,34,Kosovo,6.368,9.359,0.844,65.195,0.861,0.259,0.866,2023
1420,35,Chile,6.334,10.114,0.889,70.3,0.792,-0.011,0.823,2023
1421,36,Mexico,6.33,9.85,0.804,65.8,0.856,-0.094,0.768,2023
1422,37,Malta,6.3,10.661,0.923,71.6,0.886,0.119,0.729,2023
1423,38,Panama,6.265,10.305,0.896,68.95,0.855,-0.133,0.878,2023
1424,39,Poland,6.26,10.453,0.925,69.049,0.765,-0.031,0.736,2023
1425,40,Nicaragua,6.259,8.618,0.853,65.65,0.877,0.021,0.625,2023
1426,41,Latvia,6.213,10.37,0.937,66.4,0.818,-0.056,0.83,2023
1427,42,Bahrain,6.173,10.776,0.844,65.825,0.944,0.117,0.737,2023
1428,43,Guatemala,6.15,9.116,0.812,62.9,0.856,-0.057,0.837,2023
1429,44,Kazakhstan,6.144,10.166,0.931,65.802,0.853,0.0,0.721,2023
1430,45,Serbia,6.144,9.854,0.873,67.088,0.845,0.204,0.816,2023
1431,46,Cyprus,6.13,10.611,0.826,72.802,0.724,-0.06,0.86,2023
1432,47,Japan,6.129,10.616,0.894,74.349,0.799,-0.237,0.64,2023
1433,48,Croatia,6.125,10.341,0.917,68.95,0.757,-0.093,0.925,2023
1434,49,Brazil,6.125,9.582,0.836,65.749,0.801,-0.009,0.738,2023
1435,50,El Salvador,6.122,9.089,0.755,65.597,0.918,-0.108,0.62,2023
1436,51,Hungary,6.041,10.419,0.943,67.5,0.758,-0.059,0.839,2023
1437,52,Argentina,6.024,9.959,0.891,67.2,0.823,-0.089,0.814,2023
1438,53,Honduras,6.023,8.635,0.766,64.063,0.843,0.097,0.843,2023
1439,54,Uzbekistan,6.014,8.948,0.875,65.301,0.938,0.23,0.638,2023
1440,55,Malaysia,6.012,10.169,0.799,65.662,0.877,0.16,0.758,2023
1441,56,Portugal,5.968,10.429,0.878,71.25,0.902,-0.196,0.878,2023
1442,57,South Korea,5.951,10.693,0.812,73.65,0.717,-0.046,0.701,2023
1443,58,Greece,5.931,10.288,0.835,71.15,0.568,-0.24,0.793,2023
1444,59,Mauritius,5.902,9.957,0.888,63.85,0.813,-0.028,0.775,2023
1445,60,Thailand,5.843,9.751,0.874,68.45,0.85,0.289,0.91,2023
1446,61,Mongolia,5.84,9.372,0.933,60.5,0.701,0.19,0.849,2023
1447,62,Kyrgyzstan,5.825,8.486,0.911,66.852,0.934,0.181,0.904,2023
1448,63,Moldova,5.819,9.499,0.857,65.299,0.84,-0.08,0.901,2023
1449,64,China,5.818,9.738,0.836,68.689,0.882,-0.041,0.727,2023
1450,65,Vietnam,5.763,9.287,0.821,65.502,0.939,-0.004,0.759,2023
1451,66,Paraguay,5.738,9.51,0.906,65.9,0.891,0.021,0.843,2023
1452,67,Montenegro,5.722,9.813,0.89,67.1,0.805,0.063,0.844,2023
1453,68,Jamaica,5.703,9.165,0.867,66.6,0.822,-0.106,0.875,2023
1454,69,Bolivia,5.684,8.985,0.811,63.599,0.868,-0.063,0.846,2023
1455,70,Russia,5.661,10.21,0.889,64.947,0.719,-0.03,0.801,2023
1456,71,Bosnia and Herzegovina,5.633,9.616,0.88,67.275,0.746,0.206,0.918,2023
1457,72,Colombia,5.63,9.584,0.822,69.35,0.804,-0.104,0.834,2023
1458,73,Dominican Republic,5.569,9.811,0.827,64.399,0.85,-0.099,0.657,2023
1459,74,Ecuador,5.559,9.27,0.806,69.0,0.802,-0.108,0.833,2023
1460,75,Peru,5.526,9.402,0.798,69.85,0.794,-0.119,0.892,2023
1461,76,Philippines,5.523,8.979,0.78,62.038,0.919,-0.06,0.732,2023
1462,77,Bulgaria,5.466,10.087,0.918,66.5,0.801,-0.057,0.911,2023
1463,78,Nepal,5.36,8.256,0.748,61.847,0.808,0.146,0.783,2023
1464,79,Armenia,5.342,9.615,0.79,67.789,0.796,-0.155,0.705,2023
1465,80,Tajikistan,5.33,8.237,0.836,62.226,0.832,-0.06,0.522,2023
1466,81,Algeria,5.329,9.3,0.855,66.549,0.571,-0.117,0.717,2023
1467,82,Hong Kong S.A.R. of China,5.308,10.966,0.817,77.28,0.687,-0.026,0.385,2023
1468,83,Albania,5.277,9.567,0.718,69.15,0.794,-0.007,0.878,2023
1469,84,Indonesia,5.277,9.385,0.804,63.048,0.88,0.531,0.876,2023
1470,85,South Africa,5.275,9.478,0.907,56.989,0.73,-0.087,0.902,2023
1471,86,Congo (Brazzaville),5.267,8.095,0.605,56.85,0.73,-0.004,0.739,2023
1472,87,North Macedonia,5.254,9.703,0.805,66.5,0.769,0.131,0.902,2023
1473,88,Venezuela,5.211,5.527,0.839,64.05,0.659,0.128,0.811,2023
1474,89,Laos,5.111,8.962,0.679,60.946,0.919,0.091,0.703,2023
1475,90,Georgia,5.109,9.646,0.716,64.95,0.786,-0.254,0.649,2023
1476,91,Guinea,5.072,7.88,0.649,54.185,0.659,0.125,0.787,2023
1477,92,Ukraine,5.071,9.314,0.878,64.55,0.795,0.24,0.907,2023
1478,93,Ivory Coast,5.053,8.576,0.572,55.953,0.733,0.003,0.746,2023
1479,94,Gabon,5.035,9.537,0.746,58.252,0.642,-0.187,0.786,2023
1480,95,Nigeria,4.981,8.496,0.74,54.891,0.718,0.073,0.911,2023
1481,96,Cameroon,4.973,8.217,0.686,55.847,0.686,0.015,0.846,2023
1482,97,Mozambique,4.954,7.116,0.692,51.53,0.851,0.047,0.66,2023
1483,98,Iraq,4.941,9.098,0.718,63.415,0.646,-0.005,0.876,2023
1484,99,State of Palestine,4.908,8.716,0.859,,0.694,-0.132,0.836,2023
1485,100,Morocco,4.903,8.973,0.553,63.901,0.787,-0.231,0.811,2023
1486,101,Iran,4.876,9.61,0.778,66.6,0.593,0.173,0.747,2023
1487,102,Senegal,4.855,8.155,0.629,59.999,0.772,0.011,0.846,2023
1488,103,Mauritania,4.724,8.591,0.644,60.475,0.622,-0.013,0.657,2023
1489,104,Burkina Faso,4.638,7.667,0.663,55.461,0.696,0.095,0.771,2023
1490,105,Namibia,4.631,9.121,0.787,56.851,0.669,-0.126,0.83,2023
1491,106,Turkiye,4.614,10.307,0.796,68.663,0.475,-0.077,0.795,2023
1492,107,Ghana,4.605,8.596,0.641,58.763,0.777,0.139,0.881,2023
1493,108,Pakistan,4.555,8.54,0.601,57.313,0.766,0.008,0.787,2023
1494,109,Niger,4.501,7.091,0.59,56.55,0.788,0.032,0.734,2023
1495,110,Tunisia,4.497,9.244,0.73,67.0,0.576,-0.213,0.907,2023
1496,111,Kenya,4.487,8.458,0.69,58.499,0.696,0.288,0.852,2023
1497,112,Sri Lanka,4.442,9.491,0.826,67.15,0.787,-0.03,0.808,2023
1498,113,Uganda,4.432,7.716,0.794,58.913,0.701,0.114,0.857,2023
1499,114,Chad,4.397,7.261,0.722,53.125,0.677,0.221,0.807,2023
1500,115,Cambodia,4.393,8.385,0.747,61.9,0.958,0.073,0.857,2023
1501,116,Benin,4.374,8.103,0.437,56.095,0.743,-0.043,0.576,2023
1502,117,Myanmar,4.372,8.404,0.787,61.388,0.727,0.491,0.658,2023
1503,118,Bangladesh,4.282,8.685,0.544,64.548,0.845,0.005,0.698,2023
1504,119,Gambia,4.279,7.648,0.584,57.9,0.596,0.364,0.883,2023
1505,120,Mali,4.198,7.655,0.593,55.403,0.713,-0.028,0.846,2023
1506,121,Egypt,4.17,9.367,0.726,63.503,0.732,-0.183,0.58,2023
1507,122,Togo,4.137,7.673,0.595,57.449,0.657,0.024,0.74,2023
1508,123,Jordan,4.12,9.13,0.729,67.6,0.77,-0.15,0.687,2023
1509,124,Ethiopia,4.091,7.739,0.782,60.698,0.72,0.273,0.789,2023
1510,125,Liberia,4.042,7.277,0.596,56.7,0.735,0.154,0.83,2023
1511,126,India,4.036,8.759,0.608,60.777,0.897,0.072,0.774,2023
1512,127,Madagascar,4.019,7.29,0.65,58.05,0.522,0.075,0.742,2023
1513,128,Zambia,3.982,8.074,0.694,55.032,0.791,0.098,0.818,2023
1514,129,Tanzania,3.694,7.857,0.653,59.401,0.838,0.182,0.554,2023
1515,130,Comoros,3.545,8.075,0.471,59.425,0.47,-0.014,0.727,2023
1516,131,Malawi,3.495,7.302,0.531,58.475,0.75,0.005,0.749,2023
1517,132,Botswana,3.435,9.629,0.753,54.725,0.742,-0.215,0.83,2023
1518,133,Congo (Kinshasa),3.207,7.007,0.652,55.375,0.664,0.086,0.834,2023
1519,134,Zimbabwe,3.204,7.641,0.69,54.05,0.654,-0.046,0.766,2023
1520,135,Sierra Leone,3.138,7.394,0.555,54.9,0.66,0.105,0.858,2023
1521,136,Lebanon,2.392,9.478,0.53,66.149,0.474,-0.141,0.891,2023
1522,137,Afghanistan,1.859,7.324,0.341,54.712,0.382,-0.081,0.847,2023
